use
`photo-contest`;

INSERT INTO contest_phase(name)
VALUES ('ongoing'),
       ('voting'),
       ('finished');

INSERT INTO roles(name)
VALUES ('user'),
       ('organizer');

INSERT INTO contest_type(name)
VALUES ('open'),
       ('invitational');

INSERT INTO user_credentials(user_name, password)
VALUES ('toshkata'                  , '12345678'),
       ('vladi'                     , '12345678'),
       ('nikolay9'                  , '12345678'),
       ('lybo270'                   , '12345678'),
       ('Peshkata'                  , '12345678'),
       ('vankata123'                , '12345678'),
       ('gero99'                    , '12345678'),
       ('pesho_loshiq'              , '12345678'),
       ('Xavier'                     , '12345678'),
       ('turgoveca72'                , '12345678'),
       ('hladenRazum66'             , '12345678'),
       ('koki123'                   , '12345678'),
       ('zafir44'             , '12345678'),
       ('metin'               ,'12345678'),
       ('Dominic'           ,'12345678'),
       ('merenge77'           , '12345678'),
       ('PaulBurzaka'           ,'12345678'),
       ('RomanBro22'              ,'12345678'),
       ('Tehnika'                , '12345678'),
       ('Ohao'                ,'12345678'),
       ('jeko'             ,'12345678'),
       ('loli'             , '12345678'),
       ('jeni'             ,'12345678' ),
       ('kati2'            ,'12345678' ),
       ('matei'            ,'12345678' ),
       ('fatka99'           ,'12345678'),
       ('krisi'               ,'12345678' ),
       ('tiko'              ,'12345678' ),
       ('miko'             ,'12345678' ),
       ('forfi'            , '12345678'),
       ('dero33'            , '12345678'),
       ('heimdown'           , '12345678'),
       ('dragon77'             ,'12345678' ),
       ('koftimofti22'         , '12345678'),
       ('kosuma'                   ,'12345678' ),
       ('lerko222'           ,'12345678' ),
       ('picha79'              , '12345678');

INSERT INTO users(user_credentials, first_name, last_name,profileImage)
VALUES ('toshkata'                   , 'Todor', 'Andonov','https://i.imgur.com/QL6iC9J.jpg'),
       ('vladi'                   , 'Vladimir', 'Venkov','https://i.imgur.com/7kgCdSz.jpg'),
       ('nikolay9'                   , 'Nikolay', 'Georgiev','https://i.imgur.com/kIMzKak.jpg'),
       ('lybo270'                   , 'Lyubomir', 'Denkov','https://i.imgur.com/Wz9xAXZ.jpg'),
       ('Peshkata'                   , 'Petar', 'Raykov','https://i.imgur.com/tkzR9wE.jpg'),
       ('vankata123'                   , 'Ivancho', 'Ivanov','https://i.imgur.com/iKZuI00.jpg'),
       ('gero99'                   , 'Gero', 'Ivanov','https://i.imgur.com/3NhLZAp.jpg'),
       ('pesho_loshiq'                   , 'Petar', 'Petrov','https://i.imgur.com/HPuMXJT.jpg'),
       ('Xavier'                   , 'Xavier', 'Maroto','https://i.imgur.com/lwqbUQT.jpg'),
       ('turgoveca72'                   , 'Antonio', 'Resio','https://i.imgur.com/bbwlIxL.jpg'),
       ('hladenRazum66'                   , 'Mariano', 'Delgado','https://i.imgur.com/NdZFAvH.jpg'),
       ('koki123'                   , 'Koki', 'Terziev','https://i.imgur.com/BzXTIAk.jpg'),
       ('zafir44'                   , 'Zafirc', 'Terziev','https://i.imgur.com/Ff3M8i8.jpg'),
       ('metin'                   , 'Metin', 'Metinov','https://i.imgur.com/xl45fLn.jpg'),
       ('Dominic'                   , 'Dominic', 'Torreto','https://i.imgur.com/J4yAsgJ.jpg'),
       ('merenge77'                   , 'Amador', 'Rivas','https://i.imgur.com/4IMdXfx.jpg'),
       ('PaulBurzaka'                   , 'Paul', 'Walker','https://i.imgur.com/Aus0rum.jpg'),
       ('RomanBro22'                   , 'Roman', 'Piurs','https://i.imgur.com/XATeoAS.jpg'),
       ('Tehnika'                   , 'Tej', 'Parker','https://i.imgur.com/P6WkMEu.jpg'),
       ('Ohao'                   , 'Ohi', 'Genro','https://i.imgur.com/4SrvQDb.jpg'),
       ('jeko'                   , 'Jeko', 'Terziev','https://i.imgur.com/6eW4QGD.jpg'),
       ('loli'                   , 'Loli', 'Georgiev','https://i.imgur.com/U1uR1LO.jpg'),
       ('jeni'                   , 'Jeni', 'Terziev','https://i.imgur.com/dpqaIRH.jpg'),
       ('kati2'                   , 'Katit', 'Georgiev','https://i.imgur.com/opfVxeJ.jpg'),
       ('matei'                   , 'Matei', 'Terziev','https://i.imgur.com/avV24ik.jpg'),
       ('fatka99'                   , 'Fatkata', 'Jikov','https://i.imgur.com/NYjiypg.jpg'),
       ('krisi'                   , 'Krisi', 'Georgiev','https://i.imgur.com/AvRMQhS.jpg'),
       ('tiko'                   , 'Tikorch', 'Ivanov','https://i.imgur.com/jywCnNs.jpg'),
       ('miko'                   , 'Miko', 'Mikov','https://i.imgur.com/E4i7I0F.jpg'),
       ('forfi'                   , 'Forfi', 'Forfiev','https://i.imgur.com/5F89Ckb.jpg'),
       ('dero33'                   , 'Derzan', 'Derzanov','https://i.imgur.com/oJQOqmc.jpg'),
       ('heimdown'                   , 'Heimdown', 'Kiorhev','https://i.imgur.com/boxwpQC.jpg'),
       ('dragon77'                   , 'Listo', 'Listov','https://i.imgur.com/dRhhwA1.jpg'),
       ('koftimofti22'                   , 'Deqn', 'Deqnov','https://i.imgur.com/7536SeP.jpg'),
       ('kosuma'                   , 'Uri', 'Uriov','https://i.imgur.com/jLlaKM6.jpg'),
       ('lerko222'                   , 'Lerko', 'Lerkov','https://i.imgur.com/Ts53HNN.jpg'),
       ('picha79'                   , 'Genadi', 'Genadiev','https://i.imgur.com/GsJb1jA.jpg');

INSERT INTO users_roles(user_id, role_id)
VALUES (1, 2),
       (2, 2),
       (3, 2),
       (4, 2),
       (5, 1),
       (6, 1),
       (7, 1),
       (8, 1),
       (9, 1),
       (10, 1),
       (11, 1),
       (12, 1),
       (13, 1),
       (14, 1),
       (15, 1),
       (16, 1),
       (17, 1),
       (18, 1),
       (19, 1),
       (20, 1),
       (21, 1),
       (22, 1),
       (23, 1),
       (24, 1),
       (25, 1),
       (26, 1),
       (27, 1),
       (28, 1),
       (29, 1),
       (30, 1),
       (31, 1),
       (32, 1),
       (33, 1),
       (34, 1),
       (35, 1),
       (36, 1),
       (37, 1);
INSERT INTO category(name)
VALUES ('Nature'),
       ('Pets'),
       ('Dogs'),
       ('Cats'),
       ('Cities'),
       ('Mountains');

INSERT INTO category(name)
VALUES ('nature');

INSERT INTO points (points)
VALUES (20),
       (160),
       (25),
       (44),
       (152),
       (70),
       (70),
       (70),
       (70),
       (70),
       (70),
       (70),
       (0),
       (0),
       (0),
       (0),
       (0),
       (0),
       (0),
       (0),
       (0),
       (0),
       (0),
       (0),
       (0),
       (0),
       (0),
       (0),
       (0),
       (0),
       (0),
       (0),
       (0);

INSERT INTO images (title, story, image, user_id)
VALUES ('how are you doing ', 'how are you doing ', 'https://i.imgur.com/JD4Auj5.png', 5),
       ('how are you doing ', 'how are you doing ', 'https://i.imgur.com/JD4Auj5.png', 6),
       ('how are you doing ', 'how are you doing ', 'https://i.imgur.com/JD4Auj5.png', 7),
       ('how are you doing ', 'how are you doing ', 'https://i.imgur.com/JD4Auj5.png', 8),
       ('how are you doing ', 'how are you doing ', 'https://i.imgur.com/JD4Auj5.png', 9),
       ('how are you doing ', 'how are you doing ', 'https://i.imgur.com/JD4Auj5.png', 10),
       ('how are you doing ', 'how are you doing ', 'https://i.imgur.com/JD4Auj5.png', 11),
       ('how are you doing ', 'how are you doing ', 'https://i.imgur.com/JD4Auj5.png', 12),
       ('how are you doing ', 'how are you doing ', 'https://i.imgur.com/JD4Auj5.png', 13),
       ('how are you doing ', 'how are you doing ', 'https://i.imgur.com/JD4Auj5.png', 14),
       ('how are you doing ', 'how are you doing ', 'https://i.imgur.com/JD4Auj5.png', 15);


INSERT INTO users_images(user_id, image_id)
VALUES (5,1),
       (6,2),
       (7,3),
       (8,4),
       (9,5),
       (10,6),
       (11,7),
       (12,8),
       (13,9),
       (14,10),
       (15,11);

INSERT INTO contest(title, category_id, first_phase, second_phase, user_id, type_id, image_url, phase_id)
VALUES
('Dogs',1,'2021-04-20 18:52:35','2021-04-21 18:52:35',1,1,'https://i.imgur.com/JD4Auj5.png',1),
('Dogs',1,'2021-04-27 18:52:35','2021-04-28 18:52:35',1,1,'https://i.imgur.com/JD4Auj5.png',1),
('Dogs',1,'2021-04-10 18:52:35','2021-04-30 18:52:35',1,1,'https://i.imgur.com/JD4Auj5.png',1),
('Dogs',1,'2021-04-11 18:52:35','2021-04-30 18:52:35',1,1,'https://i.imgur.com/JD4Auj5.png',1),
('Dogs',1,'2021-04-24 18:52:35','2021-04-25 18:52:35',1,1,'https://i.imgur.com/JD4Auj5.png',1),
('Dogs',1,'2021-04-24 18:52:35','2021-04-25 18:52:35',1,1,'https://i.imgur.com/JD4Auj5.png',1),
('Dogs',1,'2021-04-24 18:52:35','2021-04-25 18:52:35',1,1,'https://i.imgur.com/JD4Auj5.png',1);

INSERT INTO user_points(user_id, points_id)
VALUES (5, 1),
       (6, 2),
       (7, 3),
       (8, 4),
       (9, 5),
       (10, 6),
       (11, 7),
       (12, 8),
       (13, 9),
       (14, 10),
       (15, 11),
       (16, 12),
       (17, 13),
       (18, 14),
       (19, 15),
       (20, 16),
       (21, 17),
       (22, 18),
       (23, 19),
       (24, 20),
       (25, 21),
       (26, 22),
       (27, 23),
       (28, 24),
       (29, 25),
       (30, 26),
       (31, 27),
       (32, 28),
       (33, 29),
       (34, 30),
       (35, 31),
       (36, 32),
       (37, 33);